# Initial data 

-- USERS Table
INSERT INTO USERS (user_id, user_type, user_name, email, balance, seller_rating, buyer_rating, num_of_seller_rating, num_of_buyer_rating, is_allowed_chat, is_allow_list) VALUES
(1, 'ADMIN', 'AdminOne', 'admin1@email.com', 40000.00, 0.00, 0.00, 0, 0, TRUE, TRUE),
(2, 'NORMAL_USER', 'MikeLee', 'mikelee@hotmail.com', 33000.00, 0.00, 0.00, 0, 0, TRUE, TRUE),
(3, 'NORMAL_USER', 'LucyWhite', 'lucywhite@gmail.com', 59000.00, 0.00, 0.00, 0, 0, TRUE, TRUE),
(4, 'NORMAL_USER', 'JohnSmith', 'johnsmith@yahoo.com', 19750.00, 0.00, 0.00, 0, 0, TRUE, TRUE),
(5, 'NORMAL_USER', 'EmmaBrown', 'emmabrown@aol.com', 9800.00, 0.00, 0.00, 0, 0, TRUE, TRUE),
(6, 'NORMAL_USER', 'OliviaJohnson', 'oliviaj@msn.com', 16000.00, 0.00, 0.00, 0, 0, TRUE, TRUE),
(7, 'NORMAL_USER', 'JamesWilliams', 'jamesw@gmail.com', 21750.00, 0.00, 0.00, 0, 0, TRUE, TRUE),
(8, 'NORMAL_USER', 'SophiaDavis', 'sophiad@outlook.com', 54300.00, 0.00, 0.00, 0, 0, TRUE, TRUE),
(9, 'NORMAL_USER', 'MichaelJordan', 'mjordan@nba.com', 90500.00, 0.00, 0.00, 0, 0, TRUE, TRUE),
(10, 'NORMAL_USER', 'SerenaWilliams', 'serenaw@tennispro.com', 32000.00, 0.00, 0.00, 0, 0, TRUE, TRUE),
(11, 'NORMAL_USER', 'LeoMessi', 'lmessi@footballstar.com', 35750.00, 0.00, 0.00, 0, 0, TRUE, TRUE);


-- LISTED_VEHICLES Table
-- 7 active listing and 7 inactive(sold) listing

INSERT INTO LISTED_VEHICLES (listing_id, vehicle_id, VIN, seller_id, image_url, vehicle_description, make, model, fuel_type, year_of_production, mileage, price, exterior_color, interior_color, state, zip_code, is_verified, listing_start_date, listing_end_date, listing_status) VALUES
(1, 1001, 'VIN000000000001', 2, 'https://pictures.dealer.com/t/tracyvolkswagencavw/1306/1e1c691cfd9c667b7da055c3e23486dcx.jpg?impolicy=resize&w=1024', 'Good Condition', 'Toyota', 'Camry', 'Gas', 2019, 10000, 20000, 'Red', 'Black', 'CA', '90001', TRUE, '2023-01-01 10:00:00', '2023-01-10 10:00:00', FALSE),
(2, 1002, 'VIN000000000002', 3, 'https://www.motortrend.com/uploads/2022/12/2022-honda-civic-hybrid-01.jpg?fit=around%7C875:492', 'Almost New', 'Honda', 'Civic', 'Gas', 2021, 5000, 18000, 'Blue', 'Gray', 'TX', '75001', NULL, '2023-01-05 09:00:00', '2023-01-20 09:00:00', FALSE),
(3, 1003, 'VIN000000000003', 4, 'https://encrypted-tbn0.gstatic.com/images?q=tbn:ANd9GcSuH4LFp0HjXOEaGur234PzOUpSf8xj-KH8gw&usqp=CAU', 'Used', 'BMW', 'X3', 'Diesel', 2018, 15000, 30000, 'White', 'Black', 'NY', '10001', TRUE, '2023-01-07 08:00:00', '2023-01-30 08:00:00', FALSE),
(4, 1004, 'VIN000000000004', 5, 'https://www.primemotorz.com/imagetag/509/main/l/Used-2016-Mercedes-Benz-C-Class-C300-AWD-C-300-Luxury-4MATIC-1602012288.jpg', 'Old but gold', 'Mercedes', 'C-Class', 'Gas', 2016, 20000, 25000, 'Black', 'White', 'FL', '32004', NULL, '2023-01-10 07:00:00', '2023-01-25 07:00:00', TRUE),
(5, 1005, 'VIN000000000005', 6, 'https://encrypted-tbn0.gstatic.com/images?q=tbn:ANd9GcSVHWMTTgBo51S0Y9psy-HqUTcY2DTYGly-1w&usqp=CAU', 'Reliable', 'Nissan', 'Altima', 'Gas', 2020, 7000, 18000, 'Silver', 'Gray', 'TX', '75003', TRUE, '2023-01-12 06:00:00', '2023-01-28 06:00:00', FALSE),
(6, 1006, 'VIN000000000006', 7, 'https://content.homenetiol.com/1280x960/1c0a6bb6d0974b6ca529f48cd2280f47.jpg', 'Sporty', 'Ford', 'Mustang', 'Gas', 2019, 10000, 28000, 'Yellow', 'Black', 'NV', '89001', NULL, '2023-01-14 11:00:00', '2023-01-29 11:00:00', TRUE),
(7, 1007, 'VIN000000000007', 8, 'https://encrypted-tbn0.gstatic.com/images?q=tbn:ANd9GcQOAOpCjhzwv1KGzFv3kqzDP-YnNMeyxRkPDA&usqp=CAU', 'Compact', 'Chevrolet', 'Spark', 'Gas', 2022, 2000, 14000, 'Green', 'Gray', 'WA', '98001', TRUE, '2023-01-15 10:00:00', '2023-01-31 10:00:00', FALSE),
(8, 1008, 'VIN000000000008', 9, 'https://res2.grays.com/handlers/imagehandler.ashx?t=sh&id=34701951&s=d&index=0&ts=637848517050000000', 'Sport Edition', 'Audi', 'A3', 'Gas', 2019, 8500, 27000, 'Gray', 'Black', 'IL', '60001', TRUE, '2023-02-01 10:00:00', '2023-02-15 10:00:00', FALSE),
(9, 1009, 'VIN000000000009', 9, 'https://cdn.jdpower.com/jdpa_2022%20volkswagen%20golf%20r%20blue%20front%20quarter%20view%201.jpg', 'New Model', 'Volkswagen', 'Golf', 'Gas', 2022, 1000, 23000, 'Blue', 'Beige', 'NC', '28001', TRUE, '2023-02-03 09:00:00', '2023-02-18 09:00:00', FALSE),
(10, 1010, 'VIN000000000010', 10, 'https://www.cnet.com/a/img/resize/689c6db468d75b66d4422d72afcc5454e2d1c2f2/hub/2021/03/05/482061ec-7587-408c-9c32-4825c6a8dc16/2021-hyundai-elantra-sel-3.jpg?auto=webp&width=1200', 'Economy Car', 'Hyundai', 'Elantra', 'Gas', 2021, 4500, 19000, 'White', 'Brown', 'TX', '76001', TRUE, '2023-02-05 08:00:00', '2023-02-20 08:00:00', TRUE),
(11, 1011, 'VIN000000000011', 10, 'https://content.homenetiol.com/2000292/2143540/0x0/67259817c6a04f56a237ba72dcb08b2b.jpg', 'City Car', 'Kia', 'Rio', 'Gas', 2022, 2000, 17000, 'Black', 'Red', 'GA', '30001', TRUE, '2023-02-07 09:00:00', '2023-02-22 09:00:00', TRUE),
(12, 1012, 'VIN000000000012', 11, 'https://content.homenetiol.com/2000292/2143540/0x0/6e265655b47a46779f4f057fcdd680ae.jpg', 'Luxury SUV', 'Lexus', 'RX', 'Hybrid', 2018, 10000, 40000, 'Silver', 'Black', 'CA', '94001', TRUE, '2023-02-09 10:00:00', '2023-02-24 10:00:00', TRUE),
(13, 1013, 'VIN000000000013', 11, 'https://www.tothakron.com/inventoryphotos/10557/1c4bjwdg1hl534358/ip/3.jpg?bg-color=FFFFFF&width=400%20400w', 'Off-road', 'Jeep', 'Wrangler', 'Diesel', 2017, 12000, 32000, 'Green', 'Black', 'AZ', '85001', TRUE, '2023-02-11 11:00:00', '2023-02-26 11:00:00', TRUE),
(14, 1014, 'VIN000000000014', 5, 'https://encrypted-tbn0.gstatic.com/images?q=tbn:ANd9GcQz0FjJA3g_QD7H2oj8z4iQukiRLx-a2pjjqg&usqp=CAU', 'Electric Sedan', 'Tesla', 'Model 3', 'Electric', 2020, 8000, 35000, 'Red', 'White', 'OR', '97001', TRUE, '2023-02-13 12:00:00', '2023-02-28 12:00:00', TRUE),
(15, 1001, 'VIN0000000000015', 2, 'https://pictures.dealer.com/t/tracyvolkswagencavw/1306/1e1c691cfd9c667b7da055c3e23486dcx.jpg?impolicy=resize&w=1024', 'Good Condition', 'Toyota', 'Camry', 'Gas', 2019, 10000, 20000, 'Red', 'Black', 'CA', '90001', TRUE, '2023-11-01 10:00:00', '2023-12-15 10:00:00', TRUE),
(16, 1002, 'VIN0000000000016', 3, 'https://www.motortrend.com/uploads/2022/12/2022-honda-civic-hybrid-01.jpg?fit=around%7C875:492', 'Almost New', 'Honda', 'Civic', 'Gas', 2021, 5000, 18000, 'Blue', 'Gray', 'TX', '75001', NULL, '2023-11-05 09:00:00', '2023-12-20 09:00:00', TRUE),
(17, 1003, 'VIN0000000000017', 4, 'https://encrypted-tbn0.gstatic.com/images?q=tbn:ANd9GcSuH4LFp0HjXOEaGur234PzOUpSf8xj-KH8gw&usqp=CAU', 'Used', 'BMW', 'X3', 'Diesel', 2018, 15000, 30000, 'White', 'Black', 'NY', '10001', TRUE, '2023-11-07 08:00:00', '2023-12-30 08:00:00', TRUE),
(18, 1005, 'VIN0000000000018', 6, 'https://encrypted-tbn0.gstatic.com/images?q=tbn:ANd9GcSVHWMTTgBo51S0Y9psy-HqUTcY2DTYGly-1w&usqp=CAU', 'Reliable', 'Nissan', 'Altima', 'Gas', 2020, 7000, 18000, 'Silver', 'Gray', 'TX', '75003', TRUE, '2023-11-12 06:00:00', '2023-12-28 06:00:00', TRUE),
(19, 1007, 'VIN0000000000019', 8, 'https://encrypted-tbn0.gstatic.com/images?q=tbn:ANd9GcQOAOpCjhzwv1KGzFv3kqzDP-YnNMeyxRkPDA&usqp=CAU', 'Compact', 'Chevrolet', 'Spark', 'Gas', 2022, 2000, 14000, 'Green', 'Gray', 'WA', '98001', TRUE, '2023-11-15 10:00:00', '2023-12-31 10:00:00', TRUE),
(20, 1008, 'VIN0000000000020', 9, 'https://res2.grays.com/handlers/imagehandler.ashx?t=sh&id=34701951&s=d&index=0&ts=637848517050000000', 'Sport Edition', 'Audi', 'A3', 'Gas', 2019, 8500, 27000, 'Gray', 'Black', 'IL', '60001', TRUE, '2023-11-21 10:00:00', '2023-12-15 10:00:00', TRUE),
(21, 1009, 'VIN0000000000021', 9, 'https://cdn.jdpower.com/jdpa_2022%20volkswagen%20golf%20r%20blue%20front%20quarter%20view%201.jpg', 'New Model', 'Volkswagen', 'Golf', 'Gas', 2022, 1000, 23000, 'Blue', 'Beige', 'NC', '28001', TRUE, '2023-11-22 09:00:00', '2023-12-18 09:00:00', TRUE),
(111, 100111, 'VIN00000000000111', 9, 'https://cdn.jdpower.com/jdpa_2022%20volkswagen%20golf%20r%20blue%20front%20quarter%20view%201.jpg', 'New Model', 'Volkswagen', 'Golf', 'Gas', 2022, 1000, 23000, 'Blue', 'Beige', 'NC', '28001', TRUE, '2023-11-22 09:00:00', '2023-11-23 10:50:00', TRUE);




-- BIDDINGS Table
INSERT INTO BIDDINGS (bidding_id, listing_id, user_id, bidding_amount, bidding_date, is_winner) VALUES
(1, 1, 4, 20250.00, '2023-01-02 11:00:00', TRUE),
(2, 2, 6, 18200.00, '2023-01-06 10:00:00', FALSE),
(3, 2, 6, 19000.00, '2023-01-07 11:00:00', TRUE),
(4, 3, 5, 30200.00, '2023-01-08 12:00:00', TRUE),
(5, 5, 7, 18250.00, '2023-01-13 13:00:00', TRUE),
(6, 5, 3, 14100.00, '2023-01-16 15:00:00', FALSE),
(7, 7, 3, 14300.00, '2023-01-18 19:00:00', TRUE),
(8, 8, 2, 27250.00, '2023-02-02 16:00:00', TRUE),
(9, 9, 6, 23250.00, '2023-02-04 17:00:00', TRUE),
(10, 4, 8, 25250.00, '2023-01-11 14:00:00', NULL),  
(11, 6, 9, 28500.00, '2023-01-15 14:00:00', NULL),
(12, 10, 3, 19300.00, '2023-02-06 18:00:00', NULL),
(13, 111, 3, 25000.00, '2023-11-22 18:00:00', NULL);


-- RATINGS Table
INSERT INTO RATINGS (listing_id, seller_id, winner_id, seller_rate_from_winner, winner_rate_from_seller, rate) VALUES
(1, 2, 4, TRUE, FALSE, 4),
(2, 3, 6, FALSE, TRUE, 5),
(3, 4, 5, TRUE, FALSE, 3),
(4, 2, 4, FALSE, TRUE, 4),
(5, 6, 7, TRUE, FALSE, 2),
(6, 6, 7, FALSE, TRUE, 5),
(7, 8, 3, TRUE, FALSE, 5),
(8, 9, 2, FALSE, TRUE, 1),
(9, 9, 6, TRUE, FALSE, 4);


-- VEHICLE_ORDERS Table
INSERT INTO VEHICLE_ORDERS (order_id, listing_id, buyer_id, seller_id, order_price, order_date, tracking_number, is_paid, is_shipped) VALUES
(1, 1, 4, 2, 20250.00, '2023-01-02 12:00:00', 10001, 1, 1),
(2, 2, 6, 3, 19000.00, '2023-01-07 12:00:00', 10002, 1, 1),
(3, 3, 5, 4, 30200.00, '2023-01-08 13:00:00', 10003, 1, 0),
(4, 5, 7, 6, 18250.00, '2023-01-13 14:00:00', 10004, 1, 0),
(5, 7, 3, 8, 14300.00, '2023-01-18 20:00:00', 10005, 1, 1),
(6, 8, 2, 9, 27250.00, '2023-02-02 17:00:00', 10006, 1, 0),
(7, 9, 6, 9, 23250.00, '2023-11-20 18:00:00', 10007, 1, 0);


-- CHATS Table
INSERT INTO CHATS (chat_id, sender_id, receiver_id, message, date, listing_id) VALUES
(1, 3, 2, 'Is the car still available?', '2023-01-02 12:30:00', 1),
(2, 2, 3, 'Yes, it is.', '2023-01-02 12:31:00', 1),
(3, 4, 3, 'Any damages?', '2023-01-06 13:10:00', 2),
(4, 3, 4, 'No damages. Almost new.', '2023-01-06 13:11:00', 2),
(5, 5, 4, 'Can I get a discount?', '2023-01-08 14:20:00', 3),
(6, 4, 5, 'Sorry, the price is fixed.', '2023-01-08 14:21:00', 3),
(7, 6, 5, 'Is the price negotiable?', '2023-01-11 15:30:00', 4),
(8, 5, 6, 'A little bit, but not much.', '2023-01-11 15:31:00', 4),
(9, 11, 3, 'Is the car still available?', '2023-01-02 12:30:00', 1),
(10, 3, 11, 'Yes, it is.', '2023-01-02 12:31:00', 1);


-- BALANCE_TRANSACTIONS Table
-- the inital balance amount of each users is 40000.00
-- current_balance is displayed as balance after the transaction is done
INSERT INTO BALANCE_TRANSACTIONS (transaction_id, user_id, current_balance, date, transaction_type, transaction_amount) VALUES
(1, 4, 19750.00, '2023-01-02 12:00:00', 'pay', 20250.00),
(2, 2, 60250.00, '2023-01-02 12:00:00', 'receive', 20250.00),
(3, 6, 21000.00, '2023-01-07 12:00:00', 'pay', 19000.00), 
(4, 3, 59000.00, '2023-01-07 12:00:00', 'receive', 19000.00), 
(5, 5, 9800.00, '2023-01-08 13:00:00', 'pay', 30200.00), 
(6, 4, 49950.00, '2023-01-08 13:00:00', 'receive', 30200.00),
(7, 7, 21750.00, '2023-01-13 14:00:00', 'pay', 18250.00),
(8, 6, 39250.00, '2023-01-13 14:00:00', 'receive', 18250.00),
(9, 3, 44700.00, '2023-01-18 20:00:00', 'pay', 14300.00), 
(10, 8, 54300.00, '2023-01-18 20:00:00', 'receive', 14300.00), 
(11, 2, 33000.00, '2023-02-02 17:00:00', 'pay', 27250.00), 
(12, 9, 67250.00, '2023-02-02 17:00:00', 'receive', 27250.00),
(13, 6, 16000.00, '2023-02-04 18:00:00', 'pay', 23250.00), 
(14, 9, 90500.00, '2023-02-04 18:00:00', 'receive', 23250.00),
(15, 10, 50000.00, '2023-02-05 11:00:00', 'pop_up', 10000.00),
(16, 11, 35000.00, '2023-02-07 09:00:00', 'withdraw', 5000.00);



